"algorithm","embedding","f1_measure"
"SVM","E LSTM", 94.38669
"SVM","E LSTM", 94.94549
"SVM","E LSTM", 94.65021
"SVM","E LSTM", 93.8349
"SVM","E LSTM", 93.6214
"SVM","E LSTM", 93.4338
"SVM","E LSTM", 94.33551
"SVM","E LSTM", 93.40314
"SVM","E LSTM", 95.02982
"SVM","E LSTM", 93.09967
"SVM","B GloVe-static", 87.27655
"SVM","B GloVe-static", 88.30112
"SVM","B GloVe-static", 88.25332
"SVM","B GloVe-static", 87.39496
"SVM","B GloVe-static", 86.91983
"SVM","B GloVe-static", 86.26198
"SVM","B GloVe-static", 87.9668
"SVM","B GloVe-static", 88.36207
"SVM","B GloVe-static", 85.68353
"SVM","B GloVe-static", 87.81513
"SVM","C GloVe-non-static", 90.55036
"SVM","C GloVe-non-static", 91.36546
"SVM","C GloVe-non-static", 91.22807
"SVM","C GloVe-non-static", 90.83246
"SVM","C GloVe-non-static", 90.60543
"SVM","C GloVe-non-static", 90.34335
"SVM","C GloVe-non-static", 90.18789
"SVM","C GloVe-non-static", 91.24324
"SVM","C GloVe-non-static", 88.67102
"SVM","C GloVe-non-static", 90.56604
"SVM","A Skipgram-static", 84.39791
"SVM","A Skipgram-static", 86.4
"SVM","A Skipgram-static", 84.71795
"SVM","A Skipgram-static", 83.06709
"SVM","A Skipgram-static", 83.76422
"SVM","A Skipgram-static", 83.26271
"SVM","A Skipgram-static", 85.33058
"SVM","A Skipgram-static", 83.93443
"SVM","A Skipgram-static", 83.78088
"SVM","A Skipgram-static", 85.65445
"SVM","D Skipgram-non-static", 95.08882
"SVM","D Skipgram-non-static", 93.57072
"SVM","D Skipgram-non-static", 94.14183
"SVM","D Skipgram-non-static", 93.69748
"SVM","D Skipgram-non-static", 92.93139
"SVM","D Skipgram-non-static", 93.46195
"SVM","D Skipgram-non-static", 93.51464
"SVM","D Skipgram-non-static", 93.96552
"SVM","D Skipgram-non-static", 93.78408
"SVM","D Skipgram-non-static", 93.99368
"SVM","E LSTM", 91.72185
"SVM","E LSTM", 95.0495
"SVM","E LSTM", 92.69949
"SVM","E LSTM", 90.97104
"SVM","E LSTM", 92.257
"SVM","E LSTM", 90.97104
"SVM","E LSTM", 92.66667
"SVM","E LSTM", 91.55405
"SVM","E LSTM", 92.17687
"SVM","E LSTM", 93.39775
"SVM","B GloVe-static", 85.49383
"SVM","B GloVe-static", 87.5576
"SVM","B GloVe-static", 85.57994
"SVM","B GloVe-static", 85.5814
"SVM","B GloVe-static", 87.78281
"SVM","B GloVe-static", 85.13302
"SVM","B GloVe-static", 86.60436
"SVM","B GloVe-static", 85.27607
"SVM","B GloVe-static", 83.98134
"SVM","B GloVe-static", 88.92261
"SVM","C GloVe-non-static", 86.99839
"SVM","C GloVe-non-static", 89.28
"SVM","C GloVe-non-static", 86.76717
"SVM","C GloVe-non-static", 87.79661
"SVM","C GloVe-non-static", 89.17197
"SVM","C GloVe-non-static", 85.71429
"SVM","C GloVe-non-static", 89.21569
"SVM","C GloVe-non-static", 86.95652
"SVM","C GloVe-non-static", 88.20679
"SVM","C GloVe-non-static", 90.8805
"SVM","A Skipgram-static", 85.54396
"SVM","A Skipgram-static", 86.76471
"SVM","A Skipgram-static", 85.2459
"SVM","A Skipgram-static", 85.2459
"SVM","A Skipgram-static", 87.26208
"SVM","A Skipgram-static", 84.55772
"SVM","A Skipgram-static", 85.58692
"SVM","A Skipgram-static", 84.55772
"SVM","A Skipgram-static", 84.73054
"SVM","A Skipgram-static", 88.88889
"SVM","D Skipgram-non-static", 89.66667
"SVM","D Skipgram-non-static", 91.50327
"SVM","D Skipgram-non-static", 94.01709
"SVM","D Skipgram-non-static", 92.41147
"SVM","D Skipgram-non-static", 92.3588
"SVM","D Skipgram-non-static", 90.49296
"SVM","D Skipgram-non-static", 91.18136
"SVM","D Skipgram-non-static", 89.91453
"SVM","D Skipgram-non-static", 92.51701
"SVM","D Skipgram-non-static", 92.18501
"SVM","E LSTM", 87.36462
"SVM","E LSTM", 89.75265
"SVM","E LSTM", 89.47368
"SVM","E LSTM", 88.57143
"SVM","E LSTM", 86.95652
"SVM","E LSTM", 89.85507
"SVM","E LSTM", 89.92806
"SVM","E LSTM", 89.78102
"SVM","E LSTM", 86.52482
"SVM","E LSTM", 88.48921
"SVM","B GloVe-static", 76.01476
"SVM","B GloVe-static", 80.28674
"SVM","B GloVe-static", 72.24335
"SVM","B GloVe-static", 72.59259
"SVM","B GloVe-static", 79.86111
"SVM","B GloVe-static", 77.30496
"SVM","B GloVe-static", 75.71429
"SVM","B GloVe-static", 80.67797
"SVM","B GloVe-static", 76.49123
"SVM","B GloVe-static", 77.62238
"SVM","C GloVe-non-static", 75.93985
"SVM","C GloVe-non-static", 81.13879
"SVM","C GloVe-non-static", 76.22642
"SVM","C GloVe-non-static", 75.55556
"SVM","C GloVe-non-static", 80.57554
"SVM","C GloVe-non-static", 79.32203
"SVM","C GloVe-non-static", 78.83212
"SVM","C GloVe-non-static", 79.72509
"SVM","C GloVe-non-static", 77.85235
"SVM","C GloVe-non-static", 80
"SVM","A Skipgram-static", 75.34247
"SVM","A Skipgram-static", 72.66187
"SVM","A Skipgram-static", 71.27273
"SVM","A Skipgram-static", 73.3564
"SVM","A Skipgram-static", 73.56322
"SVM","A Skipgram-static", 69.36027
"SVM","A Skipgram-static", 73.40067
"SVM","A Skipgram-static", 75.76792
"SVM","A Skipgram-static", 75.16779
"SVM","A Skipgram-static", 73.10345
"SVM","D Skipgram-non-static", 87.94326
"SVM","D Skipgram-non-static", 86.13139
"SVM","D Skipgram-non-static", 85.71429
"SVM","D Skipgram-non-static", 85.71429
"SVM","D Skipgram-non-static", 88.0597
"SVM","D Skipgram-non-static", 84.05797
"SVM","D Skipgram-non-static", 87.14286
"SVM","D Skipgram-non-static", 88.08664
"SVM","D Skipgram-non-static", 86.01399
"SVM","D Skipgram-non-static", 86.42857
"SVM","E LSTM", 88.8
"SVM","E LSTM", 88.82175
"SVM","E LSTM", 88.63295
"SVM","E LSTM", 88.01245
"SVM","E LSTM", 88.6492
"SVM","E LSTM", 89.65174
"SVM","E LSTM", 88.74693
"SVM","E LSTM", 90.15971
"SVM","E LSTM", 88.27727
"SVM","E LSTM", 88.94422
"SVM","B GloVe-static", 79.0224
"SVM","B GloVe-static", 78.41502
"SVM","B GloVe-static", 78.22454
"SVM","B GloVe-static", 79.8082
"SVM","B GloVe-static", 78.64335
"SVM","B GloVe-static", 78.79407
"SVM","B GloVe-static", 78.77551
"SVM","B GloVe-static", 79.10686
"SVM","C GloVe-non-static", 86.54618
"SVM","C GloVe-non-static", 86.36135
"SVM","C GloVe-non-static", 86.45938
"SVM","C GloVe-non-static", 86.3
"SVM","C GloVe-non-static", 86.50794
"SVM","C GloVe-non-static", 86.37975
"SVM","A Skipgram-static", 72.88046
"SVM","A Skipgram-static", 73.29127
"SVM","A Skipgram-static", 72.86245
"SVM","A Skipgram-static", 72.77717
"SVM","A Skipgram-static", 72.80702
"SVM","A Skipgram-static", 73.97552
"SVM","A Skipgram-static", 72.40664
"SVM","A Skipgram-static", 73.49593
"SVM","D Skipgram-non-static", 89.04313
"SVM","D Skipgram-non-static", 87.95918
"SVM","D Skipgram-non-static", 88.4
"SVM","D Skipgram-non-static", 88.36968
"SVM","D Skipgram-non-static", 87.9212
"SVM","D Skipgram-non-static", 88.52459
"SVM","D Skipgram-non-static", 90.10547
"SVM","D Skipgram-non-static", 88.4788
"SVM","D Skipgram-non-static", 88.17891
"SVM","D Skipgram-non-static", 89.0138
"SVM","E LSTM", 88.40688
"SVM","E LSTM", 90.2103
"SVM","E LSTM", 89.47756
"SVM","E LSTM", 89.52802
"SVM","E LSTM", 87.84489
"SVM","E LSTM", 88.40688
"SVM","E LSTM", 90.2103
"SVM","E LSTM", 89.47756
"SVM","E LSTM", 89.52802
"SVM","E LSTM", 87.84489
"SVM","B GloVe-static", 82.32819
"SVM","B GloVe-static", 83.91421
"SVM","B GloVe-static", 83.49381
"SVM","B GloVe-static", 84.23266
"SVM","B GloVe-static", 80.25388
"SVM","B GloVe-static", 82.67223
"SVM","B GloVe-static", 81.69209
"SVM","B GloVe-static", 83.48184
"SVM","B GloVe-static", 83.36813
"SVM","B GloVe-static", 80.64047
"SVM","C GloVe-non-static", 85.46638
"SVM","C GloVe-non-static", 86.68076
"SVM","C GloVe-non-static", 86.06147
"SVM","C GloVe-non-static", 87.02509
"SVM","C GloVe-non-static", 84.10256
"SVM","C GloVe-non-static", 84.57565
"SVM","C GloVe-non-static", 84.3956
"SVM","C GloVe-non-static", 85.24118
"SVM","C GloVe-non-static", 85.40305
"SVM","C GloVe-non-static", 84.50292
"SVM","A Skipgram-static", 82.11654
"SVM","A Skipgram-static", 83.63636
"SVM","A Skipgram-static", 83.38848
"SVM","A Skipgram-static", 83.71786
"SVM","A Skipgram-static", 80.89431
"SVM","A Skipgram-static", 81.89713
"SVM","A Skipgram-static", 82.70777
"SVM","A Skipgram-static", 82.57124
"SVM","A Skipgram-static", 82.89474
"SVM","A Skipgram-static", 81.77601
"SVM","D Skipgram-non-static", 90.45455
"SVM","D Skipgram-non-static", 90.88278
"SVM","D Skipgram-non-static", 89.32462
"SVM","D Skipgram-non-static", 89.54781
"SVM","D Skipgram-non-static", 86.87023
"SVM","D Skipgram-non-static", 88.09524
"SVM","D Skipgram-non-static", 88.55422
"SVM","D Skipgram-non-static", 88.28697
"SVM","D Skipgram-non-static", 89.18519
"SVM","D Skipgram-non-static", 88.65356
"XGBoost","E LSTM", 93.92379
"XGBoost","E LSTM", 93.23308
"XGBoost","E LSTM", 93.51753
"XGBoost","E LSTM", 92.84211
"XGBoost","E LSTM", 93.67089
"XGBoost","E LSTM", 93.69748
"XGBoost","E LSTM", 93.40659
"XGBoost","E LSTM", 92.78351
"XGBoost","E LSTM", 93.33333
"XGBoost","E LSTM", 91.68443
"XGBoost","B GloVe-static", 86.65298
"XGBoost","B GloVe-static", 86.04899
"XGBoost","B GloVe-static", 84.61538
"XGBoost","B GloVe-static", 86.01253
"XGBoost","B GloVe-static", 85.14644
"XGBoost","B GloVe-static", 85.212
"XGBoost","B GloVe-static", 85.24229
"XGBoost","B GloVe-static", 84.86708
"XGBoost","B GloVe-static", 85.53719
"XGBoost","B GloVe-static", 83.8013
"XGBoost","C GloVe-non-static", 89.50617
"XGBoost","C GloVe-non-static", 90.59459
"XGBoost","C GloVe-non-static", 88.58058
"XGBoost","C GloVe-non-static", 88.27878
"XGBoost","C GloVe-non-static", 88.53838
"XGBoost","C GloVe-non-static", 90.625
"XGBoost","C GloVe-non-static", 89.76035
"XGBoost","C GloVe-non-static", 88.93401
"XGBoost","C GloVe-non-static", 88.42105
"XGBoost","C GloVe-non-static", 87.44589
"XGBoost","A Skipgram-static", 82.27979
"XGBoost","A Skipgram-static", 81.42549
"XGBoost","A Skipgram-static", 81.75027
"XGBoost","A Skipgram-static", 82.46347
"XGBoost","A Skipgram-static", 82.19178
"XGBoost","A Skipgram-static", 84.43983
"XGBoost","A Skipgram-static", 82.80255
"XGBoost","A Skipgram-static", 80.69459
"XGBoost","A Skipgram-static", 81.81818
"XGBoost","A Skipgram-static", 82.61328
"XGBoost","D Skipgram-non-static", 92.67782
"XGBoost","D Skipgram-non-static", 92.68293
"XGBoost","D Skipgram-non-static", 93.33333
"XGBoost","D Skipgram-non-static", 91.86906
"XGBoost","D Skipgram-non-static", 92.93994
"XGBoost","D Skipgram-non-static", 92.78997
"XGBoost","D Skipgram-non-static", 91.91584
"XGBoost","D Skipgram-non-static", 92.11873
"XGBoost","D Skipgram-non-static", 91.0828
"XGBoost","D Skipgram-non-static", 92.25806
"XGBoost","E LSTM", 91.27517
"XGBoost","E LSTM", 91.80887
"XGBoost","E LSTM", 90.94017
"XGBoost","E LSTM", 89.48247
"XGBoost","E LSTM", 91
"XGBoost","E LSTM", 92.63502
"XGBoost","E LSTM", 93.46405
"XGBoost","E LSTM", 90.54054
"XGBoost","E LSTM", 92.15686
"XGBoost","E LSTM", 91.27517
"XGBoost","B GloVe-static", 84.17722
"XGBoost","B GloVe-static", 82.79221
"XGBoost","B GloVe-static", 80.59701
"XGBoost","B GloVe-static", 83.78812
"XGBoost","B GloVe-static", 82.82504
"XGBoost","B GloVe-static", 86.02484
"XGBoost","B GloVe-static", 83.49515
"XGBoost","B GloVe-static", 83.2
"XGBoost","B GloVe-static", 84.05797
"XGBoost","B GloVe-static", 82.41042
"XGBoost","C GloVe-non-static", 86.28099
"XGBoost","C GloVe-non-static", 85.90164
"XGBoost","C GloVe-non-static", 86.37874
"XGBoost","C GloVe-non-static", 87.12871
"XGBoost","C GloVe-non-static", 83.88158
"XGBoost","C GloVe-non-static", 89.28
"XGBoost","C GloVe-non-static", 86.53846
"XGBoost","C GloVe-non-static", 86.98517
"XGBoost","C GloVe-non-static", 86.85897
"XGBoost","C GloVe-non-static", 85.09213
"XGBoost","A Skipgram-static", 83.73591
"XGBoost","A Skipgram-static", 83.46457
"XGBoost","A Skipgram-static", 82.98217
"XGBoost","A Skipgram-static", 82.05128
"XGBoost","A Skipgram-static", 80.96774
"XGBoost","A Skipgram-static", 85.57994
"XGBoost","A Skipgram-static", 85.1735
"XGBoost","A Skipgram-static", 82.31612
"XGBoost","A Skipgram-static", 83.30684
"XGBoost","A Skipgram-static", 82.80255
"XGBoost","D Skipgram-non-static", 87.78878
"XGBoost","D Skipgram-non-static", 89.11223
"XGBoost","D Skipgram-non-static", 90.32258
"XGBoost","D Skipgram-non-static", 91.51414
"XGBoost","D Skipgram-non-static", 91.23377
"XGBoost","D Skipgram-non-static", 92.52782
"XGBoost","D Skipgram-non-static", 92.05835
"XGBoost","D Skipgram-non-static", 92.02658
"XGBoost","D Skipgram-non-static", 89.61039
"XGBoost","D Skipgram-non-static", 90.63545
"XGBoost","E LSTM", 86.86131
"XGBoost","E LSTM", 88.17204
"XGBoost","E LSTM", 88.80309
"XGBoost","E LSTM", 87.17949
"XGBoost","E LSTM", 88.43537
"XGBoost","E LSTM", 87.85714
"XGBoost","E LSTM", 90.52632
"XGBoost","E LSTM", 87.23404
"XGBoost","E LSTM", 88.88889
"XGBoost","E LSTM", 85.39326
"XGBoost","B GloVe-static", 70.22901
"XGBoost","B GloVe-static", 75.35211
"XGBoost","B GloVe-static", 71.26437
"XGBoost","B GloVe-static", 74.07407
"XGBoost","B GloVe-static", 75.83893
"XGBoost","B GloVe-static", 78.23129
"XGBoost","B GloVe-static", 77.35192
"XGBoost","B GloVe-static", 75.61837
"XGBoost","B GloVe-static", 68.88889
"XGBoost","B GloVe-static", 75.1773
"XGBoost","C GloVe-non-static", 73.18841
"XGBoost","C GloVe-non-static", 75.53957
"XGBoost","C GloVe-non-static", 76.15385
"XGBoost","C GloVe-non-static", 74.61538
"XGBoost","C GloVe-non-static", 79.16667
"XGBoost","C GloVe-non-static", 81.11888
"XGBoost","C GloVe-non-static", 79.0378
"XGBoost","C GloVe-non-static", 80.13937
"XGBoost","C GloVe-non-static", 70.1107
"XGBoost","C GloVe-non-static", 77.30496
"XGBoost","A Skipgram-static", 72.59786
"XGBoost","A Skipgram-static", 74.82517
"XGBoost","A Skipgram-static", 68.18182
"XGBoost","A Skipgram-static", 72.59259
"XGBoost","A Skipgram-static", 74.66667
"XGBoost","A Skipgram-static", 72.20217
"XGBoost","A Skipgram-static", 74.14966
"XGBoost","A Skipgram-static", 75.35211
"XGBoost","A Skipgram-static", 69.46565
"XGBoost","A Skipgram-static", 67.93893
"XGBoost","D Skipgram-non-static", 85.81315
"XGBoost","D Skipgram-non-static", 84.47653
"XGBoost","D Skipgram-non-static", 80.15873
"XGBoost","D Skipgram-non-static", 84.44444
"XGBoost","D Skipgram-non-static", 84.72222
"XGBoost","D Skipgram-non-static", 82.97872
"XGBoost","D Skipgram-non-static", 86.50519
"XGBoost","D Skipgram-non-static", 83.63636
"XGBoost","D Skipgram-non-static", 85.71429
"XGBoost","D Skipgram-non-static", 82.26415
"XGBoost","E LSTM", 88.63859
"XGBoost","E LSTM", 87.62781
"XGBoost","E LSTM", 89.29452
"XGBoost","E LSTM", 87.99182
"XGBoost","E LSTM", 88.2643
"XGBoost","E LSTM", 89.19753
"XGBoost","E LSTM", 87.31269
"XGBoost","E LSTM", 89.43489
"XGBoost","E LSTM", 87.65371
"XGBoost","E LSTM", 86.83948
"XGBoost","B GloVe-static", 76.67177
"XGBoost","B GloVe-static", 75.78616
"XGBoost","B GloVe-static", 76.88391
"XGBoost","B GloVe-static", 77.46261
"XGBoost","B GloVe-static", 76.49723
"XGBoost","B GloVe-static", 77.03549
"XGBoost","B GloVe-static", 77.38279
"XGBoost","B GloVe-static", 78.31814
"XGBoost","B GloVe-static", 76.58031
"XGBoost","B GloVe-static", 75.3474
"XGBoost","C GloVe-non-static", 82.83028
"XGBoost","C GloVe-non-static", 84.28645
"XGBoost","C GloVe-non-static", 84.07835
"XGBoost","C GloVe-non-static", 83.85443
"XGBoost","C GloVe-non-static", 84.02778
"XGBoost","C GloVe-non-static", 83.1746
"XGBoost","C GloVe-non-static", 83.02454
"XGBoost","C GloVe-non-static", 85.52764
"XGBoost","C GloVe-non-static", 83.21608
"XGBoost","C GloVe-non-static", 82.55102
"XGBoost","A Skipgram-static", 71.61125
"XGBoost","A Skipgram-static", 69.16277
"XGBoost","A Skipgram-static", 71.78699
"XGBoost","A Skipgram-static", 71.85185
"XGBoost","A Skipgram-static", 70.49608
"XGBoost","A Skipgram-static", 71.06383
"XGBoost","A Skipgram-static", 71.69421
"XGBoost","A Skipgram-static", 73.22069
"XGBoost","A Skipgram-static", 70.54545
"XGBoost","A Skipgram-static", 72.25673
"XGBoost","D Skipgram-non-static", 86.16601
"XGBoost","D Skipgram-non-static", 85.93117
"XGBoost","D Skipgram-non-static", 86.50246
"XGBoost","D Skipgram-non-static", 87.49362
"XGBoost","D Skipgram-non-static", 87.07617
"XGBoost","D Skipgram-non-static", 87.10513
"XGBoost","D Skipgram-non-static", 86.9258
"XGBoost","D Skipgram-non-static", 86.8667
"XGBoost","D Skipgram-non-static", 85.9596
"XGBoost","D Skipgram-non-static", 85.23929
"XGBoost","E LSTM", 88.36502
"XGBoost","E LSTM", 88.13814
"XGBoost","E LSTM", 87.73514
"XGBoost","E LSTM", 87.02993
"XGBoost","E LSTM", 87.46224
"XGBoost","E LSTM", 88.02974
"XGBoost","E LSTM", 89.10304
"XGBoost","E LSTM", 87.41313
"XGBoost","E LSTM", 85.93041
"XGBoost","E LSTM", 86.13027
"XGBoost","B GloVe-static", 81.09274
"XGBoost","B GloVe-static", 80.57762
"XGBoost","B GloVe-static", 80.46143
"XGBoost","B GloVe-static", 78.36431
"XGBoost","B GloVe-static", 80.37929
"XGBoost","B GloVe-static", 82.40343
"XGBoost","B GloVe-static", 81.3903
"XGBoost","B GloVe-static", 78.77462
"XGBoost","B GloVe-static", 78.1911
"XGBoost","B GloVe-static", 79.47407
"XGBoost","C GloVe-non-static", 83.01043
"XGBoost","C GloVe-non-static", 82.78932
"XGBoost","C GloVe-non-static", 82.6087
"XGBoost","C GloVe-non-static", 80.61776
"XGBoost","C GloVe-non-static", 82.72795
"XGBoost","C GloVe-non-static", 84.70418
"XGBoost","C GloVe-non-static", 82.81938
"XGBoost","C GloVe-non-static", 82.95964
"XGBoost","C GloVe-non-static", 82.78443
"XGBoost","C GloVe-non-static", 81.85907
"XGBoost","A Skipgram-static", 78.31067
"XGBoost","A Skipgram-static", 78.77462
"XGBoost","A Skipgram-static", 77.99283
"XGBoost","A Skipgram-static", 76.36888
"XGBoost","A Skipgram-static", 79.5389
"XGBoost","A Skipgram-static", 79.59914
"XGBoost","A Skipgram-static", 79.71326
"XGBoost","A Skipgram-static", 77.27273
"XGBoost","A Skipgram-static", 77.7937
"XGBoost","A Skipgram-static", 76.51297
"XGBoost","D Skipgram-non-static", 87.13318
"XGBoost","D Skipgram-non-static", 86.96307
"XGBoost","D Skipgram-non-static", 87.40741
"XGBoost","D Skipgram-non-static", 86.39508
"XGBoost","D Skipgram-non-static", 87.08709
"XGBoost","D Skipgram-non-static", 88.31741
"XGBoost","D Skipgram-non-static", 88.26152
"XGBoost","D Skipgram-non-static", 86.23298
"XGBoost","D Skipgram-non-static", 86.1678
"XGBoost","D Skipgram-non-static", 87.5569
"SVM","F Drunk2Vec", 94.947368
"SVM","F Drunk2Vec", 93.29140473
"SVM","F Drunk2Vec", 93.12500079
"SVM","F Drunk2Vec", 94.18960413
"SVM","F Drunk2Vec", 95.08197074
"SVM","F Drunk2Vec", 95.44008405
"SVM","F Drunk2Vec", 95.01525656
"SVM","F Drunk2Vec", 94.30379526
"SVM","F Drunk2Vec", 94.16666624
"SVM","F Drunk2Vec", 94.97326403
"SVM","F Drunk2Vec", 92.91597957
"SVM","F Drunk2Vec", 93.28858996
"SVM","F Drunk2Vec", 93.77048969
"SVM","F Drunk2Vec", 92.48365994
"SVM","F Drunk2Vec", 94.23394203
"SVM","F Drunk2Vec", 91.79755491
"SVM","F Drunk2Vec", 94.35215975
"SVM","F Drunk2Vec", 94.44444826
"SVM","F Drunk2Vec", 93.13233102
"SVM","F Drunk2Vec", 93.9297122
"SVM","F Drunk2Vec", 89.28571913
"SVM","F Drunk2Vec", 89.13857935
"SVM","F Drunk2Vec", 91.48936383
"SVM","F Drunk2Vec", 87.59124368
"SVM","F Drunk2Vec", 89.96539782
"SVM","F Drunk2Vec", 92.30769082
"SVM","F Drunk2Vec", 92.21183737
"SVM","F Drunk2Vec", 90.51094511
"SVM","F Drunk2Vec", 88.05969901
"SVM","F Drunk2Vec", 90.23569203
"SVM","F Drunk2Vec", 88.76685366
"SVM","F Drunk2Vec", 88.5872289
"SVM","F Drunk2Vec", 88.29396082
"SVM","F Drunk2Vec", 89.23225485
"SVM","F Drunk2Vec", 88.23529463
"SVM","F Drunk2Vec", 88.34171211
"SVM","F Drunk2Vec", 87.91878008
"SVM","F Drunk2Vec", 89.39318909
"SVM","F Drunk2Vec", 88.90025625
"SVM","F Drunk2Vec", 89.28389955
"SVM","F Drunk2Vec", 89.08819402
"SVM","F Drunk2Vec", 86.17760639
"SVM","F Drunk2Vec", 88.72512571
"SVM","F Drunk2Vec", 88.82265291
"SVM","F Drunk2Vec", 88.60182488
"SVM","F Drunk2Vec", 89.99269481
"SVM","F Drunk2Vec", 88.44444753
"SVM","F Drunk2Vec", 87.71407199
"SVM","F Drunk2Vec", 88.88888935
"SVM","F Drunk2Vec", 87.94643101
"XGBoost","F Drunk2Vec", 94.0314127
"XGBoost","F Drunk2Vec", 93.74337449
"XGBoost","F Drunk2Vec", 94.2622957
"XGBoost","F Drunk2Vec", 92.78350535
"XGBoost","F Drunk2Vec", 92.62032334
"XGBoost","F Drunk2Vec", 93.13621863
"XGBoost","F Drunk2Vec", 93.24474019
"XGBoost","F Drunk2Vec", 93.14227176
"XGBoost","F Drunk2Vec", 93.85699934
"XGBoost","F Drunk2Vec", 92.35537
"XGBoost","F Drunk2Vec", 91.54228834
"XGBoost","F Drunk2Vec", 92.46231011
"XGBoost","F Drunk2Vec", 92.73356466
"XGBoost","F Drunk2Vec", 92.61745115
"XGBoost","F Drunk2Vec", 91.62561351
"XGBoost","F Drunk2Vec", 92.776887
"XGBoost","F Drunk2Vec", 94.7194699
"XGBoost","F Drunk2Vec", 91.55405379
"XGBoost","F Drunk2Vec", 92.7631548
"XGBoost","F Drunk2Vec", 92.17687414
"XGBoost","F Drunk2Vec", 87.36462048
"XGBoost","F Drunk2Vec", 91.9117655
"XGBoost","F Drunk2Vec", 85.714282
"XGBoost","F Drunk2Vec", 84.61538536
"XGBoost","F Drunk2Vec", 88.96797581
"XGBoost","F Drunk2Vec", 91.60838993
"XGBoost","F Drunk2Vec", 88.88888804
"XGBoost","F Drunk2Vec", 89.70587788
"XGBoost","F Drunk2Vec", 90.70632119
"XGBoost","F Drunk2Vec", 88.63858975
"XGBoost","F Drunk2Vec", 87.62781033
"XGBoost","F Drunk2Vec", 89.29452509
"XGBoost","F Drunk2Vec", 87.99182524
"XGBoost","F Drunk2Vec", 88.2642985
"XGBoost","F Drunk2Vec", 89.19753059
"XGBoost","F Drunk2Vec", 87.31268643
"XGBoost","F Drunk2Vec", 89.4348906
"XGBoost","F Drunk2Vec", 87.65371692
"XGBoost","F Drunk2Vec", 86.83948231
"XGBoost","F Drunk2Vec", 87.57576076
"XGBoost","F Drunk2Vec", 89.17102274
"XGBoost","F Drunk2Vec", 88.15592186
"XGBoost","F Drunk2Vec", 87.10424729
"XGBoost","F Drunk2Vec", 89.24242125
"XGBoost","F Drunk2Vec", 88.83961716
"XGBoost","F Drunk2Vec", 88.31951732
"XGBoost","F Drunk2Vec", 88.27586179
"XGBoost","F Drunk2Vec", 85.80106082
"XGBoost","F Drunk2Vec", 87.67122858
"DNN","F Drunk2Vec", 93.80902
"DNN","F Drunk2Vec", 93.65751
"DNN","F Drunk2Vec", 93.82199
"DNN","F Drunk2Vec", 94.19219
"DNN","F Drunk2Vec", 95.28796
"DNN","F Drunk2Vec", 94.67085
"DNN","F Drunk2Vec", 94.09283
"DNN","F Drunk2Vec", 93.17697
"DNN","F Drunk2Vec", 93.89002
"DNN","F Drunk2Vec", 92.59259
"DNN","E LSTM", 93.89866
"DNN","E LSTM", 93.00847
"DNN","E LSTM", 92.53731
"DNN","E LSTM", 93.62591
"DNN","E LSTM", 94.08034
"DNN","E LSTM", 93.5857
"DNN","E LSTM", 93.11828
"DNN","E LSTM", 92.68293
"DNN","E LSTM", 93.56846
"DNN","E LSTM", 92.93598
"DNN","B GloVe-static", 86.34985
"DNN","B GloVe-static", 86.58009
"DNN","B GloVe-static", 87.74459
"DNN","B GloVe-static", 86.76307
"DNN","B GloVe-static", 88.1768
"DNN","B GloVe-static", 85.99138
"DNN","B GloVe-static", 88.51064
"DNN","B GloVe-static", 88.12834
"DNN","B GloVe-static", 86.78881
"DNN","B GloVe-static", 86.64495
"DNN","C GloVe-non-static", 91.02296
"DNN","C GloVe-non-static", 90.33571
"DNN","C GloVe-non-static", 90.87137
"DNN","C GloVe-non-static", 90.06211
"DNN","C GloVe-non-static", 90.32258
"DNN","C GloVe-non-static", 90.23861
"DNN","C GloVe-non-static", 92.69841
"DNN","C GloVe-non-static", 89.70748
"DNN","C GloVe-non-static", 90.69767
"DNN","C GloVe-non-static", 90.45121
"DNN","A Skipgram-static", 84.1998
"DNN","A Skipgram-static", 80.9417
"DNN","A Skipgram-static", 85.41226
"DNN","A Skipgram-static", 85.77362
"DNN","A Skipgram-static", 86.39668
"DNN","A Skipgram-static", 83.23108
"DNN","A Skipgram-static", 85.34759
"DNN","A Skipgram-static", 82.56468
"DNN","A Skipgram-static", 83.5631
"DNN","A Skipgram-static", 83.33333
"DNN","D Skipgram-non-static", 94.17879
"DNN","D Skipgram-non-static", 93.41963
"DNN","D Skipgram-non-static", 92.69777
"DNN","D Skipgram-non-static", 93.88601
"DNN","D Skipgram-non-static", 93.90374
"DNN","D Skipgram-non-static", 91.23196
"DNN","D Skipgram-non-static", 93.08855
"DNN","D Skipgram-non-static", 93.65245
"DNN","D Skipgram-non-static", 92.96636
"DNN","D Skipgram-non-static", 92.42424
"DNN","F Drunk2Vec", 92.54237
"DNN","F Drunk2Vec", 92.89428
"DNN","F Drunk2Vec", 92.09139
"DNN","F Drunk2Vec", 94.56343
"DNN","F Drunk2Vec", 93.15648027
"DNN","F Drunk2Vec", 92.86899
"DNN","F Drunk2Vec", 92.64957
"DNN","F Drunk2Vec", 93.086
"DNN","F Drunk2Vec", 93.40463
"DNN","F Drunk2Vec", 93.46734
"DNN","B GloVe-static", 84.79263
"DNN","B GloVe-static", 86.23298
"DNN","B GloVe-static", 85.44892
"DNN","B GloVe-static", 87.97565
"DNN","B GloVe-static", 85.93272
"DNN","B GloVe-static", 88.40804
"DNN","B GloVe-static", 86.16352
"DNN","B GloVe-static", 87.44327
"DNN","B GloVe-static", 85.62401
"DNN","B GloVe-static", 88.65031
"DNN","A Skipgram-static", 85.41667
"DNN","A Skipgram-static", 85.58692
"DNN","A Skipgram-static", 84.73054
"DNN","A Skipgram-static", 87.59124
"DNN","A Skipgram-static", 87.59124
"DNN","A Skipgram-static", 88.0814
"DNN","A Skipgram-static", 85.2459
"DNN","A Skipgram-static", 87.4269
"DNN","A Skipgram-static", 84.90284
"DNN","A Skipgram-static", 87.59124
"DNN","C GloVe-non-static", 87.15447
"DNN","C GloVe-non-static", 86.82432
"DNN","C GloVe-non-static", 87.56219
"DNN","C GloVe-non-static", 88.55219
"DNN","C GloVe-non-static", 88.74802
"DNN","C GloVe-non-static", 89.03654
"DNN","C GloVe-non-static", 87.54209
"DNN","C GloVe-non-static", 87.82051
"DNN","C GloVe-non-static", 88.05461
"DNN","C GloVe-non-static", 90.82278
"DNN","D Skipgram-non-static", 89.79592
"DNN","D Skipgram-non-static", 92.79732
"DNN","D Skipgram-non-static", 89.83957
"DNN","D Skipgram-non-static", 93.37641
"DNN","D Skipgram-non-static", 92.35772
"DNN","D Skipgram-non-static", 92.90323
"DNN","D Skipgram-non-static", 90.78498
"DNN","D Skipgram-non-static", 92.85714
"DNN","D Skipgram-non-static", 92.19601
"DNN","D Skipgram-non-static", 93.73997
"DNN","E LSTM", 91.73693
"DNN","E LSTM", 92.64957
"DNN","E LSTM", 92.81961
"DNN","E LSTM", 92.97659
"DNN","E LSTM", 93.46405
"DNN","E LSTM", 92.30769
"DNN","E LSTM", 90.56604
"DNN","E LSTM", 92.61084
"DNN","E LSTM", 92.36111
"DNN","E LSTM", 92.30769
"DNN","F Drunk2Vec", 88.32117
"DNN","F Drunk2Vec", 87.05882
"DNN","F Drunk2Vec", 91.48936
"DNN","F Drunk2Vec", 93.33333
"DNN","F Drunk2Vec", 88.23137644
"DNN","F Drunk2Vec", 85.82677
"DNN","F Drunk2Vec", 88.58131
"DNN","F Drunk2Vec", 88.37209
"DNN","F Drunk2Vec", 89.53069
"DNN","F Drunk2Vec", 90.32258
"DNN","B GloVe-static", 76.71233
"DNN","B GloVe-static", 65.82278
"DNN","B GloVe-static", 68.06723
"DNN","B GloVe-static", 75.91241
"DNN","B GloVe-static", 76.92308
"DNN","B GloVe-static", 71.66667
"DNN","B GloVe-static", 75.09294
"DNN","B GloVe-static", 76.08696
"DNN","B GloVe-static", 75
"DNN","B GloVe-static", 72.98246
"DNN","A Skipgram-static", 75.64103
"DNN","A Skipgram-static", 70.06369
"DNN","A Skipgram-static", 70.98976
"DNN","A Skipgram-static", 79.32961
"DNN","A Skipgram-static", 77.8098
"DNN","A Skipgram-static", 71.28028
"DNN","A Skipgram-static", 78.68852
"DNN","A Skipgram-static", 74.63557
"DNN","A Skipgram-static", 74.6988
"DNN","A Skipgram-static", 70.06803
"DNN","C GloVe-non-static", 69.42149
"DNN","C GloVe-non-static", 73.80074
"DNN","C GloVe-non-static", 78.38828
"DNN","C GloVe-non-static", 78.11448
"DNN","C GloVe-non-static", 76.80608
"DNN","C GloVe-non-static", 74.67811
"DNN","C GloVe-non-static", 72.72727
"DNN","C GloVe-non-static", 78.81041
"DNN","C GloVe-non-static", 80.68966
"DNN","C GloVe-non-static", 73.80074
"DNN","D Skipgram-non-static", 88.37209
"DNN","D Skipgram-non-static", 82.10526
"DNN","D Skipgram-non-static", 87.07483
"DNN","D Skipgram-non-static", 88.43537
"DNN","D Skipgram-non-static", 84.51613
"DNN","D Skipgram-non-static", 84.75836
"DNN","D Skipgram-non-static", 83.63636
"DNN","D Skipgram-non-static", 83.89262
"DNN","D Skipgram-non-static", 83.87097
"DNN","D Skipgram-non-static", 86.77966
"DNN","E LSTM", 87.40741
"DNN","E LSTM", 85.27132
"DNN","E LSTM", 91.03943
"DNN","E LSTM", 93.37979
"DNN","E LSTM", 87.94326
"DNN","E LSTM", 88.88889
"DNN","E LSTM", 88.4058
"DNN","E LSTM", 89.73384
"DNN","E LSTM", 88.72727
"DNN","E LSTM", 88.4058
"DNN","F Drunk2Vec", 85.81454
"DNN","F Drunk2Vec", 84.68992
"DNN","F Drunk2Vec", 85.7419
"DNN","F Drunk2Vec", 84.94845
"DNN","F Drunk2Vec", 86.56294
"DNN","F Drunk2Vec", 87.07071
"DNN","F Drunk2Vec", 85.87286
"DNN","F Drunk2Vec", 85.32799
"DNN","F Drunk2Vec", 85.71429
"DNN","F Drunk2Vec", 85.54455
"DNN","B GloVe-static", 77.48209
"DNN","B GloVe-static", 75.02668
"DNN","B GloVe-static", 77.3383
"DNN","B GloVe-static", 78.05113
"DNN","B GloVe-static", 80.21654
"DNN","B GloVe-static", 78.48341
"DNN","B GloVe-static", 77.10843
"DNN","B GloVe-static", 76.48699
"DNN","B GloVe-static", 76.91527
"DNN","B GloVe-static", 77.24719
"DNN","A Skipgram-static", 70.66052
"DNN","A Skipgram-static", 72.64249
"DNN","A Skipgram-static", 72.98797
"DNN","A Skipgram-static", 72.55092
"DNN","A Skipgram-static", 74.67688
"DNN","A Skipgram-static", 72.7746
"DNN","A Skipgram-static", 74.43281
"DNN","A Skipgram-static", 73.61111
"DNN","A Skipgram-static", 72.97424
"DNN","A Skipgram-static", 69.96239
"DNN","C GloVe-non-static", 85.41854
"DNN","C GloVe-non-static", 84.34442
"DNN","C GloVe-non-static", 86.68258
"DNN","C GloVe-non-static", 85.98131
"DNN","C GloVe-non-static", 86.00091
"DNN","C GloVe-non-static", 86.47059
"DNN","C GloVe-non-static", 85.24748
"DNN","C GloVe-non-static", 84.8339
"DNN","C GloVe-non-static", 85.45546
"DNN","C GloVe-non-static", 84.86218
"DNN","D Skipgram-non-static", 87.75209
"DNN","D Skipgram-non-static", 85.87952
"DNN","D Skipgram-non-static", 84.99142
"DNN","D Skipgram-non-static", 87.39496
"DNN","D Skipgram-non-static", 88.85673
"DNN","D Skipgram-non-static", 86.05898
"DNN","D Skipgram-non-static", 88.07252
"DNN","D Skipgram-non-static", 86.93442
"DNN","D Skipgram-non-static", 88.07157
"DNN","D Skipgram-non-static", 87.06345
"DNN","E LSTM", 85.55452
"DNN","E LSTM", 83.04308
"DNN","E LSTM", 83.48214
"DNN","E LSTM", 84.83434
"DNN","E LSTM", 83.28865
"DNN","E LSTM", 83.91421
"DNN","E LSTM", 83.4653
"DNN","E LSTM", 83.51325
"DNN","E LSTM", 82.12996
"DNN","E LSTM", 84.05669
"DNN","F Drunk2Vec", 86.81818
"DNN","F Drunk2Vec", 89.39394
"DNN","F Drunk2Vec", 89.0199
"DNN","F Drunk2Vec", 87.27811
"DNN","F Drunk2Vec", 88.59649
"DNN","F Drunk2Vec", 89.01818
"DNN","F Drunk2Vec", 88.12589
"DNN","F Drunk2Vec", 88.72293
"DNN","F Drunk2Vec", 87.88774
"DNN","F Drunk2Vec", 87.81204
"DNN","B GloVe-static", 81.35095
"DNN","B GloVe-static", 83.59217
"DNN","B GloVe-static", 83.95396
"DNN","B GloVe-static", 81.65266
"DNN","B GloVe-static", 81.25436
"DNN","B GloVe-static", 83.56742
"DNN","B GloVe-static", 80.6428
"DNN","B GloVe-static", 79.44785
"DNN","B GloVe-static", 81.93457
"DNN","B GloVe-static", 80.14599
"DNN","A Skipgram-static", 79.77369
"DNN","A Skipgram-static", 81.97832
"DNN","A Skipgram-static", 82.40866
"DNN","A Skipgram-static", 81.62198
"DNN","A Skipgram-static", 81.38759
"DNN","A Skipgram-static", 82.56042
"DNN","A Skipgram-static", 81.43713
"DNN","A Skipgram-static", 82.00782
"DNN","A Skipgram-static", 81.75084
"DNN","A Skipgram-static", 79.41788
"DNN","C GloVe-non-static", 84.47876
"DNN","C GloVe-non-static", 86.53001
"DNN","C GloVe-non-static", 86.49046
"DNN","C GloVe-non-static", 84.29752
"DNN","C GloVe-non-static", 84.51327
"DNN","C GloVe-non-static", 84.60432
"DNN","C GloVe-non-static", 84.63252
"DNN","C GloVe-non-static", 83.32075
"DNN","C GloVe-non-static", 82.64591
"DNN","C GloVe-non-static", 84.57944
"DNN","D Skipgram-non-static", 90.54264
"DNN","D Skipgram-non-static", 88.08989
"DNN","D Skipgram-non-static", 90.07519
"DNN","D Skipgram-non-static", 87.59812
"DNN","D Skipgram-non-static", 89.44954
"DNN","D Skipgram-non-static", 88.44221
"DNN","D Skipgram-non-static", 85.76
"DNN","D Skipgram-non-static", 87.85332
"DNN","D Skipgram-non-static", 86.52271
"DNN","D Skipgram-non-static", 88.25301
"DNN","E LSTM", 88.95613
"DNN","E LSTM", 87.14734
"DNN","E LSTM", 89.40998
"DNN","E LSTM", 87.26163
"DNN","E LSTM", 88.73563
"DNN","E LSTM", 87.25129
"DNN","E LSTM", 86.65667
"DNN","E LSTM", 86.82171
"DNN","E LSTM", 88.006
"DNN","E LSTM", 87.04422